{
  "config": {
    "seed": 42,
    "samples_per_class": 10,
    "num_random_seeds": 3,
    "methods": [
      "A",
      "B",
      "C",
      "D",
      "E",
      "F"
    ],
    "c": 1.0,
    "kappa": 0.0,
    "beta": 0.1,
    "gamma": 100.0,
    "K": 15,
    "max_updates": 500,
    "lr": 0.01,
    "clip_min": 0.0,
    "clip_max": 1.0,
    "device": "cuda"
  },
  "summary": [
    {
      "method": "A",
      "n": 300,
      "mean_time": 2.082237830333373,
      "std_time": 0.4894412964399313,
      "mean_updates": 475.27,
      "std_updates": 107.97954609360953,
      "mean_im1": 1.0443696057796479,
      "std_im1": 0.5222672389212649,
      "mean_im2": 0.32071042658761145,
      "std_im2": 0.2797721722542143,
      "mean_en": 0.06583349945294321,
      "std_en": 0.14805586416230151,
      "ci95_im1": 0.059100101672102515,
      "ci95_im2": 0.031659201636696443,
      "ci95_en": 0.01675409823372466
    },
    {
      "method": "B",
      "n": 300,
      "mean_time": 2.2674400153327343,
      "std_time": 0.9591570921088158,
      "mean_updates": 403.07,
      "std_updates": 169.5597834606546,
      "mean_im1": 1.6868699445202946,
      "std_im1": 3.65474775267347,
      "mean_im2": 0.2785319120064378,
      "std_im2": 0.271537918200858,
      "mean_en": 33.81032819271088,
      "std_en": 11.300800588817411,
      "ci95_im1": 0.4135736413699367,
      "ci95_im2": 0.030727408073017357,
      "ci95_en": 1.2788059713543545
    },
    {
      "method": "C",
      "n": 300,
      "mean_time": 1.898543639999504,
      "std_time": 1.0461436720540134,
      "mean_updates": 366.13,
      "std_updates": 201.3939709585705,
      "mean_im1": 1.0723517780005931,
      "std_im1": 0.5121270430888228,
      "mean_im2": 0.26220236817374826,
      "std_im2": 0.2151158829944382,
      "mean_en": 20.121006268024445,
      "std_en": 9.674821102857477,
      "ci95_im1": 0.05795263049257731,
      "ci95_im2": 0.024342653738945376,
      "ci95_en": 1.0948090713468621
    },
    {
      "method": "D",
      "n": 300,
      "mean_time": 1.4394956440024544,
      "std_time": 1.2599558520068206,
      "mean_updates": 230.19,
      "std_updates": 201.96017828284894,
      "mean_im1": 1.259600995182991,
      "std_im1": 1.27117297253912,
      "mean_im2": 0.27970911856740716,
      "std_im2": 0.24124267954009065,
      "mean_en": 26.875975388169287,
      "std_en": 11.017827165720389,
      "ci95_im1": 0.14384676334487936,
      "ci95_im2": 0.0272991790906096,
      "ci95_en": 1.2467845140826337
    },
    {
      "method": "E",
      "n": 300,
      "mean_time": 1.5108173056664722,
      "std_time": 0.824316121872892,
      "mean_updates": 371.57,
      "std_updates": 203.15259047504762,
      "mean_im1": 1.0699798043072224,
      "std_im1": 0.5114919222756419,
      "mean_im2": 0.2619764943420887,
      "std_im2": 0.21529997687614336,
      "mean_en": 20.07831356781721,
      "std_en": 9.67383441860691,
      "ci95_im1": 0.057880759806775546,
      "ci95_im2": 0.024363485922768467,
      "ci95_en": 1.0946974175129989
    },
    {
      "method": "F",
      "n": 300,
      "mean_time": 1.228170322330746,
      "std_time": 1.0616619721020453,
      "mean_updates": 233.31,
      "std_updates": 202.08131223805145,
      "mean_im1": 1.2041725686192513,
      "std_im1": 1.156053725456246,
      "mean_im2": 0.27572607539594174,
      "std_im2": 0.2406084277773526,
      "mean_en": 27.008901834487915,
      "std_en": 11.038134792613628,
      "ci95_im1": 0.1308197941996073,
      "ci95_im2": 0.02722740674712324,
      "ci95_en": 1.249082538397903
    }
  ]
}